#BRICK0	#BRICK0	#BRICK0	#BRICK0	#BRICK0	#BRICK0	#BRICK0	#BRICK0	#BRICK0	#BRICK0	#BRICK0	#BRICK0	#BRICK0	#BRICK0	#BRICK0	#BRICK0	#BRICK0	#BRICK0	#BRICK0	#BRICK0	#BRICK0	#BRICK0	#BRICK0	#BRICK0	#BRICK0	#BRICK0	#BRICK0	#BRICK0	#BRICK0	#BRICK0	#BRICK0	#BRICK0	#BRICK0	#BRICK0	#BRICK0	#BRICK0	#BRICK0	#BRICK0	#BRICK0	#BRICK0	#BRICK0	#BRICK0	#BRICK0	#BRICK0	#BRICK0	#BRICK0	#BRICK0	#BRICK0	#BRICK0	#BRICK0	#BRICK0	#BRICK0	#BRICK0	#BRICK0	#BRICK0	#BRICK0	#BRICK0	#BRICK0	#BRICK0	#BRICK0	#BRICK0	#BRICK0	#BRICK0	#BRICK0	#BRICK0	#BRICK0	#BRICK0	#BRICK0	#BRICK0	#BRICK0	#BRICK0	#BRICK0	#BRICK0	#BRICK0	#BRICK0
#BRICK0	#BRICK0	#BRICK0	#BRICK0	#BRICK0	#BRICK0	#BRICK0	#BRICK0	#BRICK0	#BRICK0	#BRICK0	#BRICK0	#BRICK0	#BRICK0	#BRICK0	#BRICK0	#BRICK0	#BRICK0	#BRICK0	#BRICK0	#BRICK0	#BRICK0	#BRICK0	#BRICK0	#BRICK0	#BRICK0	#BRICK0	#BRICK0	#BRICK0	#BRICK0	#BRICK0	#BRICK0	#BRICK0	#BRICK0	#BRICK0	#BRICK0	#BRICK0	#BRICK0	#BRICK0	#BRICK0	#BRICK0	#BRICK0	#BRICK0	#BRICK0	#BRICK0	#BRICK0	#BRICK0	#BRICK0	#BRICK0	#BRICK0	#BRICK0	#BRICK0	#BRICK0	#BRICK0	#BRICK0	#BRICK0	#BRICK0	#BRICK0	#BRICK0	#BRICK0	#BRICK0	#BRICK0	#BRICK0	#BRICK0	#BRICK0	#BRICK0	#BRICK0	#BRICK0	#BRICK0	#BRICK0	#BRICK0	#BRICK0	#BRICK0	#BRICK0	#BRICK0
#BRICK0	#BRICK0	#BRICK0	#BRICK0	#BRICK0	#BRICK0	#BRICK0	#BRICK0	#BRICK0	#BRICK0	#BRICK0	#BRICK0	#BRICK0	#BRICK0	#BRICK0	#BRICK0	#BRICK0	#BRICK0	#BRICK0	#BRICK0	#BRICK0	#BRICK0	#BRICK0	#BRICK0	#BRICK0	#BRICK0	#BRICK0	#BRICK0	#BRICK0	#BRICK0	#BRICK0	#BRICK0	#BRICK0	#BRICK0	#BRICK0	#BRICK0	#BRICK0	#BRICK0	#BRICK0	#BRICK0	#BRICK0	#BRICK0	#BRICK0	#BRICK0	#BRICK0	#BRICK0	#BRICK0	#BRICK0	#BRICK0	#BRICK0	#BRICK0	#BRICK0	#BRICK0	#BRICK0	#BRICK0	#BRICK0	#BRICK0	#BRICK0	#BRICK0	#BRICK0	#BRICK0	#BRICK0	#BRICK0	#BRICK0	#BRICK0	#BRICK0	#BRICK0	#BRICK0	#BRICK0	#BRICK0	#BRICK0	#BRICK0	#BRICK0	#BRICK0	#BRICK0
#BRICK0	#BRICK0	#BRICK0	#BRICK0	#BRICK0	#BRICK0	#BRICK0	#BRICK0	#BRICK0	#BRICK0	#BRICK0	#BRICK0	#BRICK0	#BRICK0	#BRICK0	#BRICK0	#BRICK0	#BRICK0	#BRICK0	#BRICK0	#BRICK0	#BRICK0	#BRICK0	#BRICK0	#BRICK0	#BRICK0	#BRICK0	#BRICK0	#BRICK0	#BRICK0	#BRICK0	#BRICK0	#BRICK0	#BRICK0	#BRICK0	#BRICK0	#BRICK0	#BRICK0	#BRICK0	#BRICK0	#BRICK0	#BRICK0	#BRICK0	#BRICK0	#BRICK0	#BRICK0	#BRICK0	#BRICK0	#BRICK0	#BRICK0	#BRICK0	#BRICK0	#BRICK0	#BRICK0	#BRICK0	#BRICK0	#BRICK0	#BRICK0	#BRICK0	#BRICK0	#BRICK0	#BRICK0	#BRICK0	#BRICK0	#BRICK0	#BRICK0	#BRICK0	#BRICK0	#BRICK0	#BRICK0	#BRICK0	#BRICK0	#BRICK0	#BRICK0	#BRICK0
#BRICK0	#BRICK0	#BRICK0	#BRICK0	#BRICK0	#BRICK0	#BRICK0	#BRICK0	#BRICK0	#BRICK0	#BRICK0	#BRICK0	#BRICK0	#BRICK0	#BRICK0	#BRICK0	#BRICK0	#BRICK0	#BRICK0	#BRICK0	#BRICK0	#BRICK0	#BRICK0	#BRICK0	#BRICK0	#BRICK0	#BRICK0	#BRICK0	#BRICK0	#BRICK0	#BRICK0	#BRICK0	#BRICK0	#BRICK0	#BRICK0	#BRICK0	#BRICK0	#BRICK0	#BRICK0	#BRICK0	#BRICK0	#BRICK0	#BRICK0	#BRICK0	#BRICK0	#BRICK0	#BRICK0	#BRICK0	#BRICK0	#BRICK0	#BRICK0	#BRICK0	#BRICK0	#BRICK0	#BRICK0	#BRICK0	#BRICK0	#BRICK0	#BRICK0	#BRICK0	#BRICK0	#BRICK0	#BRICK0	#BRICK0	#BRICK0	#BRICK0	#BRICK0	#BRICK0	#BRICK0	#BRICK0	#BRICK0	#BRICK0	#BRICK0	#BRICK0	#BRICK0
#BRICK0	#BRICK0	#BRICK0	#BRICK0	#BRICK0	#BRICK0	#BRICK0	#BRICK0	#BRICK0	#BRICK0	#BRICK0	#BRICK0	#BRICK0	#BRICK0	#BRICK0	#BRICK0	#BRICK0	#BRICK0	#BRICK0	#BRICK0	#BRICK0	#BRICK0	#BRICK0	#BRICK0	#BRICK0	#BRICK0	#BRICK0	#BRICK0	#BRICK0	#BRICK0	#BRICK0	#BRICK0	#BRICK0	#BRICK0	#BRICK0	#BRICK0	#BRICK0	#BRICK0	#BRICK0	#BRICK0	#BRICK0	#BRICK0	#BRICK0	#BRICK0	#BRICK0	#BRICK0	#BRICK0	#BRICK0	#BRICK0	#BRICK0	#BRICK0	#BRICK0	#BRICK0	#BRICK0	#BRICK0	#BRICK0	#BRICK0	#BRICK0	#BRICK0	#BRICK0	#BRICK0	#BRICK0	#BRICK0	#BRICK0	#BRICK0	#BRICK0	#BRICK0	#BRICK0	#BRICK0	#BRICK0	#BRICK0	#BRICK0	#BRICK0	#BRICK0	#BRICK0
#BRICK0	#BRICK0	#BRICK0	#BRICK0	#BRICK0	#BRICK0	#BRICK0	#BRICK0	#BRICK0	#BRICK0	#BRICK0	#BRICK0	#BRICK0	#BRICK0	#BRICK0	#BRICK0	#BRICK0	#BRICK0	#BRICK0	#BRICK0	#BRICK0	#BRICK0	#BRICK0	#BRICK0	#BRICK0	#BRICK0	#BRICK0	#BRICK0	_MESH3	_MESH3	_MESH3	_MESH3	#BRICK0	#BRICK0	#BRICK0	#BRICK4	#BRICK0	#BRICK0	#BRICK0	#BRICK0	#BRICK0	#BRICK0	#BRICK0	#BRICK0	#BRICK0	#BRICK0	#BRICK0	#BRICK0	#BRICK0	#BRICK0	_TOMB0	_TOMB0	_TOMB0	#BRICK0	#BRICK0	#BRICK0	#BRICK0	#BRICK0	#BRICK0	#BRICK0	#BRICK0	#BRICK0	#BRICK0	#BRICK0	#BRICK0	#BRICK0	#BRICK0	#BRICK0	#BRICK0	#BRICK0	#BRICK0	#BRICK0	#BRICK0	#BRICK0	#BRICK0
#BRICK0	#BRICK0	#BRICK0	#BRICK0	#BRICK0	#BRICK0	#BRICK0	#BRICK0	#BRICK0	#BRICK0	#BRICK0	#BRICK0	#BRICK0	#BRICK0	#BRICK0	#BRICK0	#BRICK0	#BRICK0	#BRICK0	#BRICK0	#BRICK0	#BRICK0	#BRICK0	#BRICK0	#BRICK0	#BRICK0	#BRICK0	#BRICK0	_MESH3	_MESH3	_MESH3	_MESH3	_TOMB0	_TOMB0	_TOMB0	_TOMB0	_TOMB0	_TOMB0	_TOMB0	_TOMB0	_TOMB0	_TOMB0	_TOMB0	_TOMB0	_TOMB0	_TOMB0	_TOMB0	_TOMB0	_TOMB0	_TOMB0	_TOMB0	_TOMB0	_TOMB0	#BRICK0	#BRICK0	#BRICK0	#BRICK0	#BRICK0	#BRICK0	#BRICK0	#BRICK0	#BRICK0	#BRICK0	#BRICK0	#BRICK0	#BRICK0	#BRICK0	#BRICK0	#BRICK0	#BRICK0	#BRICK0	#BRICK0	#BRICK0	#BRICK0	#BRICK0
#BRICK0	#BRICK0	#BRICK0	#BRICK0	#BRICK0	#BRICK0	#BRICK0	#BRICK0	#BRICK0	#BRICK0	#BRICK0	#BRICK0	#BRICK0	#BRICK0	#BRICK0	#BRICK0	#BRICK0	#BRICK0	#BRICK0	#BRICK0	#BRICK0	#BRICK0	#BRICK0	#BRICK0	#BRICK0	#BRICK0	#BRICK0	#BRICK0	_MESH3	_MESH3	_MESH3	_MESH3	_TOMB0	_TOMB0	_TOMB0	_TOMB0	_TOMB0	_TOMB0	_TOMB0	_TOMB0	_TOMB0	_TOMB0	_TOMB0	_TOMB0	_TOMB0	_TOMB0	_TOMB0	_TOMB0	_TOMB0	_TOMB0	_TOMB0	_TOMB0	_TOMB0	#BRICK0	#BRICK0	#BRICK0	#BRICK0	#BRICK0	#BRICK0	#BRICK0	#BRICK0	#BRICK0	#BRICK0	#BRICK0	#BRICK0	#BRICK0	#BRICK0	#BRICK0	#BRICK0	#BRICK0	#BRICK0	#BRICK0	#BRICK0	#BRICK0	#BRICK0
#BRICK0	#BRICK0	#BRICK0	#BRICK0	#BRICK0	#BRICK0	#BRICK0	#BRICK0	#BRICK0	#BRICK0	#BRICK0	#BRICK0	#BRICK0	#BRICK0	#BRICK0	#BRICK0	#BRICK0	#BRICK0	#BRICK0	#BRICK0	#BRICK0	#BRICK0	#BRICK0	#BRICK0	#BRICK0	#BRICK0	#BRICK0	#BRICK0	_MESH3	_MESH3	_MESH3	_MESH3	#BRICK0	#BRICK0	#BRICK0	#BRICK0	#BRICK0	#BRICK0	#BRICK0	#BRICK0	#BRICK0	#BRICK0	#BRICK0	#BRICK0	#BRICK0	#BRICK0	#BRICK0	#BRICK0	#BRICK0	#BRICK0	_TOMB0	_TOMB0	_TOMB0	#BRICK0	#BRICK0	#BRICK0	#BRICK0	#BRICK0	#BRICK0	#BRICK0	#BRICK0	#BRICK0	#BRICK0	#BRICK0	#BRICK0	#BRICK0	#BRICK0	#BRICK0	#BRICK0	#BRICK0	#BRICK0	#BRICK0	#BRICK0	#BRICK0	#BRICK0
#BRICK0	#BRICK0	#BRICK0	#BRICK0	#BRICK0	#BRICK0	#BRICK0	#BRICK0	#BRICK0	#BRICK0	#BRICK0	#BRICK0	#BRICK0	#BRICK0	#BRICK0	#BRICK0	#BRICK0	#BRICK0	#BRICK0	#BRICK0	#BRICK0	#BRICK0	#BRICK0	#BRICK0	#BRICK0	#BRICK0	#BRICK0	#BRICK0	#BRICK0	_TOMB0	_TOMB0	#BRICK0	#BRICK0	#BRICK0	#BRICK0	#BRICK0	#BRICK0	#BRICK0	#BRICK0	#BRICK0	#BRICK0	#BRICK0	#BRICK0	#BRICK0	#BRICK0	#BRICK0	#BRICK0	#BRICK0	#BRICK0	#BRICK0	#BRICK0	_TOMB0	#BRICK0	#BRICK0	#BRICK0	#BRICK0	#BRICK0	#BRICK0	#BRICK0	#BRICK0	#BRICK0	#BRICK0	#BRICK0	#BRICK0	#BRICK0	#BRICK0	#BRICK0	#BRICK0	#BRICK0	#BRICK0	#BRICK0	#BRICK0	#BRICK0	#BRICK0	#BRICK0
#BRICK0	#BRICK0	#BRICK0	#BRICK0	#BRICK0	#BRICK0	#BRICK0	#BRICK0	#BRICK0	#BRICK0	#BRICK0	#BRICK0	#BRICK0	#BRICK0	#BRICK0	#BRICK0	#BRICK0	#BRICK0	#BRICK0	#BRICK0	#BRICK0	#BRICK0	#BRICK0	#BRICK0	#BRICK0	#BRICK0	#BRICK0	#BRICK4	#BRICK0	_TOMB0	_TOMB0	#BRICK0	#BRICK4	#BRICK0	#BRICK0	#BRICK0	#BRICK0	#BRICK0	#BRICK0	#BRICK0	#BRICK0	#BRICK0	#BRICK0	#BRICK0	#BRICK0	#BRICK0	#BRICK0	#BRICK0	#BRICK0	#BRICK0	#BRICK0	_TOMB0	#BRICK0	#BRICK0	#BRICK0	#BRICK0	#BRICK0	#BRICK0	#BRICK0	#BRICK0	#BRICK0	#BRICK0	#BRICK0	#BRICK0	#BRICK0	#BRICK0	#BRICK0	#BRICK0	#BRICK0	#BRICK0	#BRICK0	#BRICK0	#BRICK0	#BRICK0	#BRICK0
#BRICK0	#BRICK0	#BRICK0	#BRICK0	#BRICK0	#BRICK0	#BRICK0	#BRICK0	#BRICK0	#BRICK0	#BRICK0	#BRICK0	#BRICK0	#BRICK0	#BRICK0	#BRICK0	#BRICK0	#BRICK4	#BRICK0	#BRICK0	#BRICK0	#BRICK0	#BRICK0	#BRICK0	#BRICK0	_TOMB0	_TOMB0	_TOMB0	_TOMB0	_TOMB0	_TOMB0	_TOMB0	_TOMB0	_TOMB0	_TOMB0	#BRICK0	#BRICK0	#BRICK0	#BRICK0	#BRICK0	#BRICK0	#BRICK0	#BRICK0	#BRICK0	#BRICK0	#BRICK0	#BRICK0	#BRICK0	#BRICK0	#BRICK0	#BRICK0	_TOMB0	#BRICK0	#BRICK0	#BRICK0	#BRICK0	#BRICK0	#BRICK0	#BRICK0	#BRICK0	#BRICK0	#BRICK0	#BRICK0	#BRICK0	#BRICK0	#BRICK0	#BRICK0	#BRICK0	#BRICK0	#BRICK0	#BRICK0	#BRICK0	#BRICK0	#BRICK0	#BRICK0
#BRICK0	#BRICK0	#BRICK0	#BRICK0	#BRICK0	#BRICK0	#BRICK0	#BRICK0	#BRICK0	#BRICK0	#BRICK0	#BRICK0	#BRICK0	#BRICK0	#BRICK0	#BRICK0	_TOMB0	_TOMB0	_TOMB0	_TOMB0	_TOMB0	#BRICK0	#BRICK0	#BRICK0	#BRICK0	_TOMB0	_TOMB0	_TOMB0	_TOMB0	_TOMB0	_TOMB0	_TOMB0	_TOMB0	_TOMB0	_TOMB0	#BRICK0	#BRICK0	#BRICK0	#BRICK0	#BRICK0	#BRICK0	#BRICK0	#BRICK0	#BRICK0	#BRICK0	#BRICK0	#BRICK0	#BRICK0	#BRICK0	#BRICK0	#BRICK0	_TOMB0	#BRICK0	#BRICK0	#BRICK0	#BRICK0	#BRICK0	#BRICK0	#BRICK0	#BRICK0	#BRICK0	#BRICK0	#BRICK0	#BRICK0	#BRICK0	#BRICK0	#BRICK0	#BRICK0	#BRICK0	#BRICK0	#BRICK0	#BRICK0	#BRICK0	#BRICK0	#BRICK0
#BRICK0	#BRICK0	#BRICK0	#BRICK0	#BRICK0	#BRICK0	#BRICK0	#BRICK0	#BRICK0	#BRICK0	#BRICK0	#BRICK0	#BRICK0	#BRICK0	#BRICK0	#BRICK0	_TOMB0	_TOMB0	#TOMB0+BFTAIN0	_TOMB0	_TOMB0	_TOMB0	_TOMB0	_TOMB0	_TOMB0	_TOMB0	_TOMB0	_TOMB0	_TOMB0	_TOMB0	_TOMB0	_TOMB0	_TOMB0	_TOMB0	_TOMB0	#BRICK0	#BRICK0	_MESH3	_MESH3	_MESH3	_MESH3	_MESH3	#BRICK0	#BRICK0	_TOMB0	_TOMB0	_TOMB0	_TOMB0	_TOMB0	_TOMB0	_TOMB0	_TOMB0	_TOMB0	_TOMB0	_TOMB0	_TOMB0	_TOMB0	#BRICK0	#BRICK0	_TOMB0	_TOMB0	_TOMB0	_TOMB0	#BRICK0	#BRICK0	#BRICK0	#BRICK0	#BRICK0	#BRICK0	#BRICK0	#BRICK0	#BRICK0	#BRICK0	#BRICK0	#BRICK0
#BRICK0	#BRICK0	#BRICK0	#BRICK0	#BRICK0	#BRICK0	#BRICK0	#BRICK0	#BRICK0	#BRICK0	#BRICK0	#BRICK0	#BRICK0	#BRICK0	#BRICK0	#BRICK0	_TOMB0	_TOMB0	_TOMB0	_TOMB0	_TOMB0	#BRICK0	#BRICK0	#BRICK0	#BRICK0	_TOMB0	_TOMB0	_TOMB0	_TOMB0	_TOMB0	_TOMB0	_TOMB0	_TOMB0	_TOMB0	_TOMB0	#BRICK0	#BRICK0	_MESH3	_MESH3	_MESH3	_MESH3	_MESH3	#BRICK0	#BRICK0	_TOMB0	_TOMB0	_TOMB0	_TOMB0	_TOMB0	_TOMB0	_TOMB0	_TOMB0	_TOMB0	_TOMB0	_TOMB0	_TOMB0	_TOMB0	_TOMB0	_TOMB0	_TOMB0	_TOMB0	_TOMB0	_TOMB0	#BRICK0	#BRICK0	#BRICK0	#BRICK0	#BRICK0	#BRICK0	#BRICK0	#BRICK0	#BRICK0	#BRICK0	#BRICK0	#BRICK0
#BRICK0	#BRICK0	#BRICK0	#BRICK0	#BRICK0	#BRICK0	#BRICK0	#BRICK0	#BRICK0	#BRICK0	#BRICK0	#BRICK0	#BRICK0	#BRICK0	#BRICK0	#BRICK0	#BRICK0	#BRICK0	_TOMB0	#BRICK0	#BRICK0	#BRICK0	#BRICK0	#BRICK0	#BRICK0	#BRICK0	#BRICK0	#BRICK0	#BRICK0	#BRICK0	#BRICK0	#BRICK0	#BRICK0	_TOMB0	_TOMB0	#BRICK0	#BRICK0	_MESH3	_MESH3	_MESH3	_MESH3	_MESH3	#BRICK0	#BRICK0	_TOMB0	_TOMB0	#BRICK0	#BRICK0	#BRICK0	#BRICK0	#BRICK0	#BRICK0	#BRICK0	#BRICK0	#BRICK0	_TOMB0	_TOMB0	#BRICK0	#BRICK0	_TOMB0	_TOMB0	_TOMB0	_TOMB0	#BRICK0	#BRICK0	#BRICK0	#BRICK0	#BRICK0	#BRICK0	#BRICK0	#BRICK0	#BRICK0	#BRICK0	#BRICK0	#BRICK0
#BRICK0	#BRICK0	#BRICK0	#BRICK0	#BRICK0	#BRICK0	#BRICK0	#BRICK0	#BRICK0	#BRICK0	#BRICK0	#BRICK0	#BRICK0	#BRICK0	#BRICK0	#BRICK0	_MESH0	_MESH0	_MESH0	_MESH0	_MESH0	#BRICK0	#BRICK0	#BRICK0	#BRICK0	_MESH0	_MESH0	_MESH0	_MESH0	_MESH0	_MESH0	#BRICK0	#BRICK0	_TOMB0	_TOMB0	#BRICK0	#BRICK0	#BRICK0	#BRICK0	_TOMB0	#BRICK0	#BRICK0	#BRICK0	#BRICK0	_TOMB0	_TOMB0	#BRICK0	#BRICK0	#BRICK0	#BRICK0	#BRICK0	#BRICK0	#BRICK0	#BRICK0	#BRICK0	_TOMB0	_TOMB0	#BRICK0	#BRICK0	#BRICK0	#BRICK0	#BRICK0	#BRICK0	#BRICK0	#BRICK0	#BRICK0	#BRICK0	#BRICK0	#BRICK0	#BRICK0	#BRICK0	#BRICK0	#BRICK0	#BRICK0	#BRICK0
#BRICK0	#BRICK0	#BRICK0	#BRICK0	#BRICK0	#BRICK0	#BRICK0	#BRICK0	#BRICK0	#BRICK0	#BRICK0	#BRICK0	#BRICK0	#BRICK0	#BRICK0	#BRICK0	_MESH0	_MESH0	_MESH0	_MESH0	_MESH0	#BRICK0	#BRICK0	#BRICK0	#BRICK0	_MESH0	_MESH0	_MESH0	_MESH0	_MESH0	_MESH0	#BRICK0	#BRICK0	_TOMB0	_TOMB0	_TOMB0	_TOMB0	_TOMB0	_TOMB0	_TOMB0	_TOMB0	_TOMB0	_TOMB0	_TOMB0	_TOMB0	_TOMB0	#BRICK0	#BRICK0	#BRICK0	#BRICK0	#BRICK0	#BRICK0	_TOMB0	_TOMB0	_TOMB0	_TOMB0	_TOMB0	_TOMB0	_TOMB0	_TOMB0	#BRICK0	#BRICK0	#BRICK0	#BRICK0	#BRICK0	#BRICK0	#BRICK0	#BRICK0	#BRICK0	#BRICK0	#BRICK0	#BRICK0	#BRICK0	#BRICK0	#BRICK0
#BRICK0	#BRICK0	#BRICK0	#BRICK0	#BRICK0	#BRICK0	#BRICK0	#BRICK0	#BRICK0	#BRICK0	#BRICK0	#BRICK0	#BRICK0	#BRICK0	#BRICK0	#BRICK0	_MESH0	_MESH0	_MESH0	_MESH0	_MESH0	#BRICK0	#BRICK0	#BRICK0	#BRICK0	_MESH0	_MESH0	_MESH0	_MESH0	_MESH0	_MESH0	_TOMB0	_TOMB0	_TOMB0	_TOMB0	_TOMB0	_TOMB0	_TOMB0	_TOMB0	_TOMB0	_TOMB0	_TOMB0	_TOMB0	_TOMB0	_TOMB0	_TOMB0	#BRICK0	#BRICK0	#BRICK0	#BRICK0	#BRICK0	#BRICK0	_TOMB0	_TOMB0	_TOMB0	_TOMB0	_TOMB0	_TOMB0	_TOMB0	_TOMB0	#BRICK0	#BRICK0	#BRICK0	#BRICK0	#BRICK0	#BRICK0	#BRICK0	#BRICK0	#BRICK0	#BRICK0	#BRICK0	#BRICK0	#BRICK0	#BRICK0	#BRICK0
#BRICK0	#BRICK0	#BRICK0	#BRICK0	#BRICK0	#BRICK0	#BRICK0	#BRICK0	#BRICK0	#BRICK0	#BRICK0	#BRICK0	#BRICK0	#BRICK0	#BRICK0	#BRICK0	#BRICK0	#BRICK0	#BRICK0	#BRICK0	#BRICK0	#BRICK0	#BRICK0	#BRICK0	#BRICK0	_MESH0	_MESH0	_MESH0	_MESH0	_MESH0	_MESH0	#BRICK0	#BRICK0	#BRICK0	#BRICK0	#BRICK0	#BRICK0	#BRICK0	#BRICK0	#BRICK0	#BRICK0	#BRICK0	#BRICK0	#BRICK0	#BRICK0	#BRICK0	#BRICK0	#BRICK0	#BRICK0	#BRICK0	#BRICK0	#BRICK0	_TOMB0	_TOMB0	_TOMB0	_TOMB0	_TOMB0	_TOMB0	_TOMB0	_TOMB0	#BRICK0	#BRICK0	#BRICK0	#BRICK0	#BRICK0	#BRICK0	#BRICK0	#BRICK0	#BRICK0	#BRICK0	#BRICK0	#BRICK0	#BRICK0	#BRICK0	#BRICK0
#BRICK0	#BRICK0	#BRICK0	#BRICK0	#BRICK0	#BRICK0	#BRICK0	#BRICK0	#BRICK0	#BRICK0	#BRICK0	#BRICK0	#BRICK0	#BRICK0	#BRICK0	#BRICK0	#BRICK0	#BRICK0	#BRICK0	#BRICK0	#BRICK0	#BRICK0	#BRICK0	#BRICK0	#BRICK0	_MESH0	_MESH0	_MESH0	_MESH0	_MESH0	_MESH0	#BRICK0	#BRICK0	#BRICK0	#BRICK0	#BRICK0	#BRICK0	#BRICK0	#BRICK0	#BRICK0	#BRICK0	#BRICK0	#BRICK0	#BRICK0	#BRICK0	#BRICK0	#BRICK0	#BRICK0	#BRICK0	#BRICK0	#BRICK0	#BRICK0	#BRICK0	#BRICK0	#BRICK0	_TOMB0	_TOMB0	#BRICK0	#BRICK0	#BRICK0	#BRICK0	#BRICK0	#BRICK0	#BRICK0	#BRICK0	#BRICK0	#BRICK0	#BRICK0	#BRICK0	#BRICK0	#BRICK0	#BRICK0	#BRICK0	#BRICK0	#BRICK0
#BRICK0	#BRICK0	#BRICK0	#BRICK0	#BRICK0	#BRICK0	#BRICK0	#BRICK0	#BRICK0	#BRICK0	#BRICK0	#BRICK0	#BRICK0	#BRICK0	#BRICK0	#BRICK0	#BRICK0	#BRICK0	#BRICK0	#BRICK0	#BRICK0	#BRICK0	#BRICK0	#BRICK0	#BRICK0	#BRICK0	#BRICK0	#BRICK0	#BRICK0	#BRICK0	#BRICK0	#BRICK0	#BRICK0	#BRICK0	#BRICK0	#BRICK0	#BRICK0	#BRICK0	#BRICK0	#BRICK0	_TOMB0	_TOMB0	_TOMB0	#BRICK0	#BRICK0	#BRICK0	#BRICK0	#BRICK0	#BRICK0	#BRICK0	#BRICK0	#BRICK0	#BRICK0	_TOMB0	_TOMB0	_TOMB0	_TOMB0	_TOMB0	_TOMB0	#BRICK0	#BRICK0	#BRICK0	#BRICK0	#BRICK0	#BRICK0	#BRICK0	#BRICK0	#BRICK0	#BRICK0	#BRICK0	#BRICK0	#BRICK0	#BRICK0	#BRICK0	#BRICK0
#BRICK0	#BRICK0	#BRICK0	#BRICK0	#BRICK0	#BRICK0	#BRICK0	#BRICK0	#BRICK0	#BRICK0	#BRICK0	#BRICK0	#BRICK0	#BRICK0	#BRICK0	#BRICK0	#BRICK0	#BRICK0	#BRICK0	#BRICK0	#BRICK0	#BRICK0	#BRICK0	#BRICK0	#BRICK0	#BRICK0	#BRICK0	#BRICK0	#BRICK0	#BRICK0	#BRICK0	#BRICK0	#BRICK0	#BRICK0	#BRICK0	#BRICK0	#BRICK0	#BRICK0	#BRICK0	#BRICK0	_TOMB0	_TOMB0	_TOMB0	_TOMB0	_TOMB0	_TOMB0	_TOMB0	_TOMB0	_TOMB0	_TOMB0	_TOMB0	_TOMB0	_TOMB0	_TOMB0	_TOMB0	_TOMB0	_TOMB0	_TOMB0	_TOMB0	#BRICK0	#BRICK0	#BRICK0	#BRICK0	#BRICK0	#BRICK0	#BRICK0	#BRICK0	#BRICK0	#BRICK0	#BRICK0	#BRICK0	#BRICK0	#BRICK0	#BRICK0	#BRICK0
#BRICK0	#BRICK0	#BRICK0	#BRICK0	#BRICK0	#BRICK0	#BRICK0	#BRICK0	#BRICK0	#BRICK0	#BRICK0	#BRICK0	#BRICK0	#BRICK0	#BRICK0	#BRICK0	#BRICK0	#BRICK0	#BRICK0	#BRICK0	#BRICK0	#BRICK0	#BRICK0	#BRICK0	#BRICK0	#BRICK0	#BRICK0	#BRICK0	#BRICK0	#BRICK0	#BRICK0	#BRICK0	#BRICK0	#BRICK0	#BRICK0	#BRICK0	#BRICK0	#BRICK0	#BRICK0	#BRICK0	_TOMB0	_TOMB0	_TOMB0	#BRICK0	#BRICK0	#BRICK0	#BRICK0	#BRICK0	#BRICK0	#BRICK0	#BRICK0	#BRICK0	#BRICK0	_TOMB0	_TOMB0	_TOMB0	_TOMB0	_TOMB0	_TOMB0	#BRICK0	#BRICK0	#BRICK0	#BRICK0	#BRICK0	#BRICK0	#BRICK0	#BRICK0	#BRICK0	#BRICK0	#BRICK0	#BRICK0	#BRICK0	#BRICK0	#BRICK0	#BRICK0
#BRICK0	#BRICK0	#BRICK0	#BRICK0	#BRICK0	#BRICK0	#BRICK0	#BRICK0	#BRICK0	#BRICK0	#BRICK0	#BRICK0	#BRICK0	#BRICK0	#BRICK0	#BRICK0	#BRICK0	#BRICK0	#BRICK0	#BRICK0	#BRICK0	#BRICK0	#BRICK0	#BRICK0	#BRICK0	#BRICK0	#BRICK0	#BRICK0	#BRICK0	#BRICK0	#BRICK0	#BRICK0	#BRICK0	#BRICK0	#BRICK0	#BRICK0	#BRICK0	#BRICK0	#BRICK0	#BRICK0	#BRICK0	#BRICK0	#BRICK0	#BRICK0	#BRICK0	#BRICK0	#BRICK0	#BRICK0	#BRICK0	#BRICK0	#BRICK0	#BRICK0	#BRICK0	#BRICK0	#BRICK0	#BRICK0	#BRICK0	#BRICK0	#BRICK0	#BRICK0	#BRICK0	#BRICK0	#BRICK0	#BRICK0	#BRICK0	#BRICK0	#BRICK0	#BRICK0	#BRICK0	#BRICK0	#BRICK0	#BRICK0	#BRICK0	#BRICK0	#BRICK0
#BRICK0	#BRICK0	#BRICK0	#BRICK0	#BRICK0	#BRICK0	#BRICK0	#BRICK0	#BRICK0	#BRICK0	#BRICK0	#BRICK0	#BRICK0	#BRICK0	#BRICK0	#BRICK0	#BRICK0	#BRICK0	#BRICK0	#BRICK0	#BRICK0	#BRICK0	#BRICK0	#BRICK0	#BRICK0	#BRICK0	#BRICK0	#BRICK0	#BRICK0	#BRICK0	#BRICK0	#BRICK0	#BRICK0	#BRICK0	#BRICK0	#BRICK0	#BRICK0	#BRICK0	#BRICK0	#BRICK0	#BRICK0	#BRICK0	#BRICK0	#BRICK0	#BRICK0	#BRICK0	#BRICK0	#BRICK0	#BRICK0	#BRICK0	#BRICK0	#BRICK0	#BRICK0	#BRICK0	#BRICK0	#BRICK0	#BRICK0	#BRICK0	#BRICK0	#BRICK0	#BRICK0	#BRICK0	#BRICK0	#BRICK0	#BRICK0	#BRICK0	#BRICK0	#BRICK0	#BRICK0	#BRICK0	#BRICK0	#BRICK0	#BRICK0	#BRICK0	#BRICK0
#BRICK0	#BRICK0	#BRICK0	#BRICK0	#BRICK0	#BRICK0	#BRICK0	#BRICK0	#BRICK0	#BRICK0	#BRICK0	#BRICK0	#BRICK0	#BRICK0	#BRICK0	#BRICK0	#BRICK0	#BRICK0	#BRICK0	#BRICK0	#BRICK0	#BRICK0	#BRICK0	#BRICK0	#BRICK0	#BRICK0	#BRICK0	#BRICK0	#BRICK0	#BRICK0	#BRICK0	#BRICK0	#BRICK0	#BRICK0	#BRICK0	#BRICK0	#BRICK0	#BRICK0	#BRICK0	#BRICK0	#BRICK0	#BRICK0	#BRICK0	#BRICK0	#BRICK0	#BRICK0	#BRICK0	#BRICK0	#BRICK0	#BRICK0	#BRICK0	#BRICK0	#BRICK0	#BRICK0	#BRICK0	#BRICK0	#BRICK0	#BRICK0	#BRICK0	#BRICK0	#BRICK0	#BRICK0	#BRICK0	#BRICK0	#BRICK0	#BRICK0	#BRICK0	#BRICK0	#BRICK0	#BRICK0	#BRICK0	#BRICK0	#BRICK0	#BRICK0	#BRICK0
#BRICK0	#BRICK0	#BRICK0	#BRICK0	#BRICK0	#BRICK0	#BRICK0	#BRICK0	#BRICK0	#BRICK0	#BRICK0	#BRICK0	#BRICK0	#BRICK0	#BRICK0	#BRICK0	#BRICK0	#BRICK0	#BRICK0	#BRICK0	#BRICK0	#BRICK0	#BRICK0	#BRICK0	#BRICK0	#BRICK0	#BRICK0	#BRICK0	#BRICK0	#BRICK0	#BRICK0	#BRICK0	#BRICK0	#BRICK0	#BRICK0	#BRICK0	#BRICK0	#BRICK0	#BRICK0	#BRICK0	#BRICK0	#BRICK0	#BRICK0	#BRICK0	#BRICK0	#BRICK0	#BRICK0	#BRICK0	#BRICK0	#BRICK0	#BRICK0	#BRICK0	#BRICK0	#BRICK0	#BRICK0	#BRICK0	#BRICK0	#BRICK0	#BRICK0	#BRICK0	#BRICK0	#BRICK0	#BRICK0	#BRICK0	#BRICK0	#BRICK0	#BRICK0	#BRICK0	#BRICK0	#BRICK0	#BRICK0	#BRICK0	#BRICK0	#BRICK0	#BRICK0
#BRICK0	#BRICK0	#BRICK0	#BRICK0	#BRICK0	#BRICK0	#BRICK0	#BRICK0	#BRICK0	#BRICK0	#BRICK0	#BRICK0	#BRICK0	#BRICK0	#BRICK0	#BRICK0	#BRICK0	#BRICK0	#BRICK0	#BRICK0	#BRICK0	#BRICK0	#BRICK0	#BRICK0	#BRICK0	#BRICK0	#BRICK0	#BRICK0	#BRICK0	#BRICK0	#BRICK0	#BRICK0	#BRICK0	#BRICK0	#BRICK0	#BRICK0	#BRICK0	#BRICK0	#BRICK0	#BRICK0	#BRICK0	#BRICK0	#BRICK0	#BRICK0	#BRICK0	#BRICK0	#BRICK0	#BRICK0	#BRICK0	#BRICK0	#BRICK0	#BRICK0	#BRICK0	#BRICK0	#BRICK0	#BRICK0	#BRICK0	#BRICK0	#BRICK0	#BRICK0	#BRICK0	#BRICK0	#BRICK0	#BRICK0	#BRICK0	#BRICK0	#BRICK0	#BRICK0	#BRICK0	#BRICK0	#BRICK0	#BRICK0	#BRICK0	#BRICK0	#BRICK0
#BRICK0	#BRICK0	#BRICK0	#BRICK0	#BRICK0	#BRICK0	#BRICK0	#BRICK0	#BRICK0	#BRICK0	#BRICK0	#BRICK0	#BRICK0	#BRICK0	#BRICK0	#BRICK0	#BRICK0	#BRICK0	#BRICK0	#BRICK0	#BRICK0	#BRICK0	#BRICK0	#BRICK0	#BRICK0	#BRICK0	#BRICK0	#BRICK0	#BRICK0	#BRICK0	#BRICK0	#BRICK0	#BRICK0	#BRICK0	#BRICK0	#BRICK0	#BRICK0	#BRICK0	#BRICK0	#BRICK0	#BRICK0	#BRICK0	#BRICK0	#BRICK0	#BRICK0	#BRICK0	#BRICK0	#BRICK0	#BRICK0	#BRICK0	#BRICK0	#BRICK0	#BRICK0	#BRICK0	#BRICK0	#BRICK0	#BRICK0	#BRICK0	#BRICK0	#BRICK0	#BRICK0	#BRICK0	#BRICK0	#BRICK0	#BRICK0	#BRICK0	#BRICK0	#BRICK0	#BRICK0	#BRICK0	#BRICK0	#BRICK0	#BRICK0	#BRICK0	#BRICK0
#BRICK0	#BRICK0	#BRICK0	#BRICK0	#BRICK0	#BRICK0	#BRICK0	#BRICK0	#BRICK0	#BRICK0	#BRICK0	#BRICK0	#BRICK0	#BRICK0	#BRICK0	#BRICK0	#BRICK0	#BRICK0	#BRICK0	#BRICK0	#BRICK0	#BRICK0	#BRICK0	#BRICK0	#BRICK0	#BRICK0	#BRICK0	#BRICK0	#BRICK0	#BRICK0	#BRICK0	#BRICK0	#BRICK0	#BRICK0	#BRICK0	#BRICK0	#BRICK0	#BRICK0	#BRICK0	#BRICK0	#BRICK0	#BRICK0	#BRICK0	#BRICK0	#BRICK0	#BRICK0	#BRICK0	#BRICK0	#BRICK0	#BRICK0	#BRICK0	#BRICK0	#BRICK0	#BRICK0	#BRICK0	#BRICK0	#BRICK0	#BRICK0	#BRICK0	#BRICK0	#BRICK0	#BRICK0	#BRICK0	#BRICK0	#BRICK0	#BRICK0	#BRICK0	#BRICK0	#BRICK0	#BRICK0	#BRICK0	#BRICK0	#BRICK0	#BRICK0	#BRICK0
#BRICK0	#BRICK0	#BRICK0	#BRICK0	#BRICK0	#BRICK0	#BRICK0	#BRICK0	#BRICK0	#BRICK0	#BRICK0	#BRICK0	#BRICK0	#BRICK0	#BRICK0	#BRICK0	#BRICK0	#BRICK0	#BRICK0	#BRICK0	#BRICK0	#BRICK0	#BRICK0	#BRICK0	#BRICK0	#BRICK0	#BRICK0	#BRICK0	#BRICK0	#BRICK0	#BRICK0	#BRICK0	#BRICK0	#BRICK0	#BRICK0	#BRICK0	#BRICK0	#BRICK0	#BRICK0	#BRICK0	#BRICK0	#BRICK0	#BRICK0	#BRICK0	#BRICK0	#BRICK0	#BRICK0	#BRICK0	#BRICK0	#BRICK0	#BRICK0	#BRICK0	#BRICK0	#BRICK0	#BRICK0	#BRICK0	#BRICK0	#BRICK0	#BRICK0	#BRICK0	#BRICK0	#BRICK0	#BRICK0	#BRICK0	#BRICK0	#BRICK0	#BRICK0	#BRICK0	#BRICK0	#BRICK0	#BRICK0	#BRICK0	#BRICK0	#BRICK0	#BRICK0
